City_ID,City,Country,Lat,Lng,Max Temp,Humidity,Cloudiness,Wind Speed,Current Description
0,Avinurme,EE,58.9822,26.8642,34.83,83,16,5.97,few clouds
1,Punta Arenas,CL,-53.15,-70.9167,42.91,75,40,23.02,light rain
2,New Norfolk,AU,-42.7826,147.0587,42.71,86,36,1.01,scattered clouds
3,Rikitea,PF,-23.1203,-134.9692,76.37,77,78,19.69,broken clouds
4,Hobart,AU,-42.8794,147.3294,42.66,88,0,4.61,clear sky
5,Tasiilaq,GL,65.6145,-37.6368,37.56,69,99,3.24,overcast clouds
6,Kimbe,PG,-5.5502,150.1429,80.78,83,99,1.99,overcast clouds
7,Hilo,US,19.7297,-155.09,92.28,76,75,11.5,light rain
8,Hithadhoo,MV,-0.6,73.0833,81.97,82,100,22.39,moderate rain
9,Atuona,PF,-9.8,-139.0333,78.6,75,1,15.14,clear sky
10,Bluff,NZ,-46.6,168.3333,50.81,89,100,2.84,overcast clouds
11,Aykhal,RU,66.0,111.5,8.69,97,98,9.22,overcast clouds
12,Santa Fe,AR,-31.6333,-60.7,70.0,62,71,6.02,light rain
13,Port Hawkesbury,CA,45.6169,-61.3485,48.58,67,10,10.0,clear sky
14,Vila Velha,BR,-20.3297,-40.2925,75.15,78,40,12.66,scattered clouds
15,Maputo,MZ,-25.9653,32.5892,67.23,82,75,5.75,broken clouds
16,Torbay,CA,47.6666,-52.7314,45.28,77,2,3.0,clear sky
17,Mataura,NZ,-46.1927,168.8643,51.48,93,99,0.31,moderate rain
18,Vila Franca Do Campo,PT,37.7167,-25.4333,64.2,84,81,2.51,broken clouds
19,Haines Junction,CA,60.7522,-137.5108,49.95,34,11,5.75,few clouds
20,Sur,OM,22.5667,59.5289,87.93,37,0,10.96,clear sky
21,Chuy,UY,-33.6971,-53.4616,59.22,78,3,4.09,clear sky
22,Belmonte,BR,-15.8631,-38.8828,75.24,85,95,9.1,light rain
23,Ribeira Grande,PT,38.5167,-28.7,62.94,79,27,5.84,scattered clouds
24,Saldanha,ZA,-33.0117,17.9442,57.27,88,100,7.65,overcast clouds
25,Nikolskoye,RU,59.7035,30.7861,40.8,87,49,5.53,scattered clouds
26,Nueve De Julio,AR,-35.4444,-60.8831,65.34,66,92,2.89,overcast clouds
27,Mareeba,AU,-17.0,145.4333,72.45,93,29,7.47,scattered clouds
28,Barrow,US,71.2906,-156.7887,30.22,86,100,11.5,overcast clouds
29,Kaitangata,NZ,-46.2817,169.8464,52.68,91,89,2.28,overcast clouds
30,Avarua,CK,-21.2078,-159.775,87.85,74,40,6.91,scattered clouds
31,Bonavista,CA,48.6499,-53.1147,33.44,71,3,6.58,clear sky
32,Albany,US,42.6001,-73.9662,63.88,30,100,7.0,overcast clouds
33,Chara,RU,56.9064,118.2631,34.97,97,100,4.79,snow
34,Yellowknife,CA,62.456,-114.3525,25.32,86,100,28.77,overcast clouds
35,Luderitz,NA,-26.6481,15.1594,60.98,42,60,9.08,broken clouds
36,Hermanus,ZA,-34.4187,19.2345,58.17,76,98,3.29,overcast clouds
37,Bethel,US,41.3712,-73.414,57.63,40,100,14.97,overcast clouds
38,Fortuna,US,40.5982,-124.1573,50.99,84,75,10.36,broken clouds
39,Hofn,IS,64.2539,-15.2082,46.33,99,100,7.9,light rain
40,Benalla,AU,-36.55,145.9833,40.86,82,1,3.87,clear sky
41,Busselton,AU,-33.65,115.3333,55.42,83,1,3.0,clear sky
42,Tres Arroyos,AR,-38.3739,-60.2798,63.88,66,5,7.05,clear sky
43,Jacareacanga,BR,-6.2222,-57.7528,77.67,87,26,2.26,scattered clouds
44,Geraldton,AU,-28.7667,114.6,52.21,93,40,10.36,scattered clouds
45,Carnarvon,AU,-24.8667,113.6333,60.87,94,0,8.05,clear sky
46,Omboue,GA,-1.5746,9.2618,77.95,91,39,5.77,scattered clouds
47,Hasaki,JP,35.7333,140.8333,61.29,54,100,11.72,light rain
48,Henties Bay,NA,-22.116,14.2845,60.26,67,0,5.93,clear sky
49,Pevek,RU,69.7008,170.3133,22.73,85,100,11.18,overcast clouds
50,Ahipara,NZ,-35.1667,173.1667,65.73,75,98,10.4,overcast clouds
51,Bredasdorp,ZA,-34.5322,20.0403,54.81,85,100,3.91,overcast clouds
52,Maldonado,UY,-34.6667,-54.9167,58.39,79,4,5.82,clear sky
53,Butaritari,KI,3.0707,172.7902,81.82,79,13,18.32,few clouds
54,Dudinka,RU,69.4058,86.1778,11.62,89,84,13.67,broken clouds
55,Puerto Ayora,EC,-0.7393,-90.3518,78.76,79,51,9.44,broken clouds
56,Ancud,CL,-41.8697,-73.8203,51.51,87,49,3.89,scattered clouds
57,Coxim,BR,-18.5067,-54.76,74.37,40,0,4.63,clear sky
58,Scarborough,GB,54.2797,-0.4044,48.33,85,22,13.0,few clouds
59,Skjervoy,NO,70.0311,20.9714,35.6,68,100,27.0,overcast clouds
60,Livingston,GB,55.9029,-3.5226,53.58,79,0,4.61,clear sky
61,Kapaa,US,22.0752,-159.319,80.58,79,75,12.66,broken clouds
62,Arraial Do Cabo,BR,-22.9661,-42.0278,73.26,68,40,3.44,scattered clouds
63,Bonfim,BR,3.0833,-59.95,76.24,90,100,5.7,overcast clouds
64,Shangrao,CN,28.4532,117.9686,68.31,98,100,2.62,moderate rain
65,Port Blair,IN,11.6667,92.75,77.04,94,100,13.8,thunderstorm with rain
66,Pauini,BR,-7.7136,-66.9764,76.39,94,37,1.7,scattered clouds
67,Bengkulu,ID,-3.8004,102.2655,77.0,82,90,3.74,overcast clouds
68,Lebu,CL,-37.6167,-73.65,55.69,97,100,3.4,overcast clouds
69,Evensk,RU,61.95,159.2333,31.08,92,95,3.96,overcast clouds
70,Coahuayana,MX,18.7333,-103.6833,86.38,51,12,7.02,few clouds
71,Jamestown,US,42.097,-79.2353,67.51,16,0,0.0,clear sky
72,Los Llanos De Aridane,ES,28.6585,-17.9182,62.35,77,0,11.5,clear sky
73,Mackay,AU,-21.15,149.2,72.68,84,100,14.34,overcast clouds
74,Dicabisagan,PH,17.0818,122.4157,78.78,83,38,2.51,scattered clouds
75,Dubbo,AU,-32.25,148.6167,46.53,87,0,10.36,clear sky
76,Sayyan,YE,15.1718,44.3244,67.23,33,10,3.74,clear sky
77,Saint-Philippe,RE,-21.3585,55.7679,71.19,85,33,7.99,scattered clouds
78,Ust-Shonosha,RU,61.1531,41.343,36.93,96,100,9.15,light rain
79,Avera,US,33.194,-82.5271,69.31,48,73,7.34,broken clouds
80,East London,ZA,-33.0153,27.9116,63.18,75,96,11.41,overcast clouds
81,Castro,BR,-24.7911,-50.0119,54.36,88,2,3.89,clear sky
82,Port Alfred,ZA,-33.5906,26.891,56.17,92,99,1.99,overcast clouds
83,Reconquista,AR,-29.15,-59.65,62.91,62,39,4.74,scattered clouds
84,Tuktoyaktuk,CA,69.4541,-133.0374,41.0,65,75,13.8,broken clouds
85,Dikson,RU,73.5069,80.5464,26.8,95,100,26.71,light snow
86,Kodiak,US,57.79,-152.4072,49.51,40,0,18.41,clear sky
87,Mao,ES,39.8885,4.2658,61.36,72,20,3.44,few clouds
88,Vostok,RU,46.4856,135.8833,40.6,71,83,4.79,broken clouds
89,Saskylakh,RU,71.9167,114.0833,9.57,94,95,13.67,overcast clouds
90,Hermosillo,MX,29.0667,-110.9667,97.68,19,0,14.97,clear sky
91,Ushuaia,AR,-54.8,-68.3,44.26,65,40,12.66,light intensity drizzle
92,Lorengau,PG,-2.0226,147.2712,84.65,71,59,16.75,broken clouds
93,Georgetown,MY,5.4112,100.3354,82.33,91,20,5.75,light rain
94,Saint Stephen,GB,50.3333,-4.9,52.21,71,57,10.36,broken clouds
95,Severo-Kurilsk,RU,50.6789,156.125,38.57,95,100,17.22,moderate rain
96,Baykit,RU,61.67,96.37,23.38,92,95,2.86,overcast clouds
97,Green River,US,41.5286,-109.4662,57.97,30,99,5.99,overcast clouds
98,Ponyri,RU,52.3186,36.3039,49.89,93,100,6.04,overcast clouds
99,Kodinsk,RU,58.6881,99.1844,25.88,80,99,6.22,overcast clouds
100,Upernavik,GL,72.7868,-56.1549,16.52,83,60,5.86,broken clouds
101,Mount Gambier,AU,-37.8333,140.7667,44.8,89,90,4.41,overcast clouds
102,Afua,BR,-0.1567,-50.3867,75.31,96,100,6.98,overcast clouds
103,Constitucion,CL,-35.3333,-72.4167,54.3,92,100,6.44,overcast clouds
104,Zarubino,RU,42.63,131.0922,47.28,54,19,9.46,few clouds
105,Telfs,AT,47.3,11.0667,56.82,95,93,2.77,overcast clouds
106,Cape Town,ZA,-33.9258,18.4232,58.91,84,0,1.14,clear sky
107,Bilma,NE,18.6853,12.9164,92.19,11,93,2.51,overcast clouds
108,Port-Gentil,GA,-0.7193,8.7815,82.36,89,40,5.75,scattered clouds
109,Kharp,RU,66.8014,65.8081,33.64,99,100,1.59,overcast clouds
110,Harrisonville,US,38.6533,-94.3488,76.78,57,100,13.8,overcast clouds
111,Sinnamary,GF,5.3833,-52.95,78.46,84,22,9.73,few clouds
112,Campbellsville,US,37.3434,-85.3419,69.94,49,28,1.01,scattered clouds
113,Wilkie,CA,52.4168,-108.7014,53.98,54,89,12.3,light rain
114,Kanker,IN,20.2719,81.4931,78.01,31,35,4.99,scattered clouds
115,Poitiers,FR,46.5833,0.3333,62.78,57,0,4.61,clear sky
116,Thompson,CA,55.7435,-97.8558,60.96,36,20,17.27,few clouds
117,Acapulco,MX,16.8634,-99.8901,84.02,70,0,12.66,smoke
118,Chokurdakh,RU,70.6333,147.9167,16.43,86,61,8.88,broken clouds
119,Kollam,IN,8.8833,76.6,82.22,85,99,10.38,overcast clouds
120,Kamenka,RU,51.3223,42.7678,47.57,52,0,1.59,clear sky
121,Viedma,AR,-40.8135,-62.9967,63.46,40,100,13.91,overcast clouds
122,Sedona,US,34.8697,-111.761,81.99,12,0,23.02,clear sky
123,Keningau,MY,5.3378,116.1602,72.16,99,100,1.88,overcast clouds
124,Aksu,CN,41.1231,80.2644,70.34,31,0,3.74,clear sky
125,Vaini,TO,-21.2,-175.2,78.96,69,20,9.22,few clouds
126,Shitanjing,CN,39.2342,106.3439,48.04,63,1,2.95,clear sky
127,Thunder Bay,CA,48.4001,-89.3168,50.29,53,100,10.36,overcast clouds
128,Luganville,VU,-15.5333,167.1667,79.65,70,81,13.73,broken clouds
129,Saint-Pierre,RE,-21.3393,55.4781,71.28,68,0,8.05,clear sky
130,Katsuura,JP,35.1333,140.3,60.82,69,100,13.49,light rain
131,Qaanaaq,GL,77.484,-69.3632,24.4,81,100,3.09,overcast clouds
132,Bourail,NC,-21.5667,165.4833,74.73,59,97,7.9,overcast clouds
133,Kudahuvadhoo,MV,2.6708,72.8944,84.04,78,100,18.99,very heavy rain
134,Nanortalik,GL,60.1432,-45.2371,37.2,89,100,0.45,overcast clouds
135,Saint-Joseph,RE,-21.3667,55.6167,70.18,82,16,7.96,few clouds
136,Fuyang,CN,32.9,115.8167,59.34,47,100,11.36,overcast clouds
137,Kavieng,PG,-2.5744,150.7967,84.81,66,97,18.39,overcast clouds
138,Hargeysa,SO,9.56,44.065,72.75,61,73,4.83,broken clouds
139,Khatanga,RU,71.9667,102.5,4.62,96,45,8.9,scattered clouds
140,Limbe,CM,4.0242,9.2149,80.04,84,98,5.1,light rain
141,Kandi,BJ,11.1342,2.9386,82.38,55,100,7.43,overcast clouds
142,Kahului,US,20.8947,-156.47,86.02,48,40,17.27,scattered clouds
143,Mahebourg,MU,-20.4081,57.7,72.25,88,20,4.61,few clouds
144,Lasa,IT,46.6166,10.7002,52.68,96,99,1.16,overcast clouds
145,Cidreira,BR,-30.1811,-50.2056,66.76,79,0,14.05,clear sky
146,Garzon,CO,2.1959,-75.6278,76.5,83,75,4.9,broken clouds
147,Steinbach,DE,50.1667,8.5667,59.99,55,0,13.8,clear sky
148,Mattru,SL,7.6244,-11.8332,75.76,93,100,2.82,overcast clouds
149,Rindal,NO,63.0565,9.2124,37.35,72,100,5.7,light rain
150,Natal,BR,-5.795,-35.2094,80.82,83,0,12.66,clear sky
151,Waipawa,NZ,-41.4122,175.5153,59.83,77,100,15.7,overcast clouds
152,Tombouctou,ML,20.0,-3.0,82.04,7,0,11.16,clear sky
153,Cuauhtemoc,MX,28.4167,-106.8667,84.33,7,0,24.36,clear sky
154,Takoradi,GH,4.8845,-1.7554,80.8,83,92,10.94,overcast clouds
155,West Bay,KY,19.3667,-81.4167,87.08,75,40,9.22,scattered clouds
156,Requena,ES,39.4883,-1.1004,52.52,60,42,2.8,scattered clouds
157,Port Elizabeth,ZA,-33.918,25.5701,61.09,97,100,5.75,light intensity drizzle rain
158,Cotonou,BJ,6.3654,2.4183,84.18,79,40,11.5,scattered clouds
159,Saquarema,BR,-22.92,-42.5103,73.44,74,47,6.73,scattered clouds
160,College,US,64.8569,-147.8028,45.23,55,75,10.36,broken clouds
161,Komsomolskiy,UZ,40.4272,71.7189,70.52,46,0,9.22,clear sky
162,Saint Anthony,US,45.0205,-93.218,60.75,68,100,17.27,overcast clouds
163,Chabahar,IR,25.2919,60.643,82.22,74,0,11.14,clear sky
164,Rocha,UY,-34.4833,-54.3333,57.33,82,0,5.41,clear sky
165,Baruun-Urt,MN,46.6806,113.2792,53.64,27,97,23.17,overcast clouds
166,Billund,DK,55.7335,9.1078,49.6,87,54,6.91,broken clouds
167,Mattawa,US,46.7379,-119.9028,59.0,40,62,7.0,broken clouds
168,Ottumwa,US,41.02,-92.4113,70.34,52,100,16.11,overcast clouds
169,Bandarbeyla,SO,9.4942,50.8122,82.47,83,14,8.7,light rain
170,Tura,IN,25.5198,90.2201,70.68,87,9,4.32,clear sky
171,Lata,PT,40.1629,-8.3327,58.05,76,6,0.92,clear sky
172,Rapar,IN,23.5667,70.6333,81.32,65,0,16.46,clear sky
173,Panzhihua,CN,26.5851,101.7128,67.28,83,31,0.58,scattered clouds
174,Nome,US,64.5011,-165.4064,33.17,93,100,19.57,light snow
175,Kruisfontein,ZA,-34.0033,24.7314,55.42,67,96,4.0,overcast clouds
176,Umm Kaddadah,SD,13.6017,26.6876,82.72,7,56,12.73,broken clouds
177,Bambous Virieux,MU,-20.3428,57.7575,72.21,88,20,4.61,few clouds
178,Touros,BR,-5.1989,-35.4608,79.14,84,100,13.76,overcast clouds
179,Yulara,AU,-25.2406,130.9889,48.04,46,100,6.91,overcast clouds
180,Erenhot,CN,43.6475,111.9767,52.39,24,3,10.85,clear sky
181,Ust-Kuyga,RU,70.0167,135.6,25.77,92,100,2.37,light snow
182,Vanimo,PG,-2.6741,141.3028,80.69,85,100,6.22,overcast clouds
183,Necochea,AR,-38.5473,-58.7368,64.81,70,16,8.66,few clouds
184,Richards Bay,ZA,-28.783,32.0377,65.3,89,97,10.27,light rain
185,Conde,BR,-7.2597,-34.9075,76.46,88,20,10.36,few clouds
186,Placido De Castro,BR,-10.3353,-67.1856,80.71,68,76,2.44,broken clouds
187,Nuuk,GL,64.1835,-51.7216,32.61,93,75,13.8,broken clouds
188,Horodnytsya,UA,50.807,27.3168,54.1,86,97,4.79,overcast clouds
189,El Chol,GT,14.9642,-90.4806,81.5,48,28,6.2,scattered clouds
190,Ponta Do Sol,PT,32.6667,-17.1,63.23,72,66,7.07,broken clouds
191,Cam Ranh,VN,11.9214,109.1591,78.76,89,40,2.3,scattered clouds
192,Tairua,NZ,-37.0167,175.85,62.62,76,91,5.41,overcast clouds
193,Greenville,US,35.6127,-77.3663,51.82,91,100,11.5,overcast clouds
194,Toowoomba,AU,-27.55,151.9667,55.26,95,100,8.01,light rain
195,Phan Thiet,VN,10.9333,108.1,78.28,87,100,5.95,overcast clouds
196,Campbell River,CA,50.0163,-125.2446,53.13,54,75,8.05,broken clouds
197,Manyana,BW,-23.4,21.7167,49.96,31,0,7.56,clear sky
198,Longyearbyen,SJ,78.2186,15.6401,15.64,62,75,16.11,broken clouds
199,Alexandria,EG,31.2156,29.9553,68.79,43,2,14.52,clear sky
200,Santiago,CL,-33.4569,-70.6483,63.18,72,100,5.75,mist
201,Acarau,BR,-2.8856,-40.12,78.42,87,100,9.26,overcast clouds
202,Tuatapere,NZ,-46.1333,167.6833,53.37,87,100,2.3,overcast clouds
203,Vero Beach,US,27.6386,-80.3973,85.03,62,0,10.36,clear sky
204,Naze,JP,28.3667,129.4833,70.72,91,98,7.54,overcast clouds
205,Road Town,VG,18.4167,-64.6167,80.69,82,63,13.24,broken clouds
206,Quatre Cocos,MU,-20.2078,57.7625,72.09,87,26,8.32,scattered clouds
207,Edd,ER,13.9297,41.6925,83.53,76,100,5.5,overcast clouds
208,Tezu,IN,27.9167,96.1667,72.41,70,2,4.68,clear sky
209,Margate,GB,51.3813,1.3862,49.3,82,6,3.0,clear sky
210,Airai,TL,-8.9266,125.4092,57.96,89,51,4.18,broken clouds
211,Marawi,PH,7.9986,124.2928,70.45,94,96,1.12,overcast clouds
212,Olga,RU,43.7444,135.2892,49.91,42,5,5.97,clear sky
213,Taoudenni,ML,22.6783,-3.9836,86.32,8,25,10.45,scattered clouds
214,Wanning,CN,18.8003,110.3967,76.44,88,100,3.36,overcast clouds
215,Pacific Grove,US,36.6177,-121.9166,63.55,69,75,13.8,broken clouds
216,Ismailia,EG,30.6043,32.2723,68.07,39,11,12.3,few clouds
217,Umea,SE,63.8284,20.2597,39.9,56,0,4.61,clear sky
218,Ippy,CF,6.2679,21.2247,75.15,75,83,0.96,broken clouds
219,Taltal,CL,-25.4,-70.4833,62.29,70,1,1.77,clear sky
220,Grand Gaube,MU,-20.0064,57.6608,72.37,79,3,3.0,clear sky
221,Hornepayne,CA,49.2138,-84.7705,64.02,26,94,12.66,overcast clouds
222,Victoria,HK,22.2855,114.1577,77.38,82,100,5.99,overcast clouds
223,Kismayo,SO,-0.3582,42.5454,79.88,86,97,13.58,light rain
224,Yuxia,CN,34.0615,108.6291,57.81,96,100,0.92,moderate rain
225,Samarai,PG,-10.6167,150.6667,83.05,80,65,13.44,broken clouds
226,Saint-Louis,SN,16.3333,-15.0,82.04,33,22,9.66,few clouds
227,Labuhan,ID,-6.8844,112.2051,78.67,88,98,3.67,overcast clouds
228,Ulma,DE,48.3984,9.9916,53.4,95,25,5.39,scattered clouds
229,Cabo San Lucas,MX,22.8909,-109.9124,91.71,22,40,11.5,scattered clouds
230,Buala,SB,-8.145,159.5921,83.12,80,98,9.91,moderate rain
231,Kashi,CN,39.4547,75.9797,70.81,24,20,6.71,few clouds
232,Altamont,US,42.2068,-121.7372,40.39,76,75,13.8,broken clouds
233,Arlit,NE,18.7369,7.3853,93.13,17,99,3.65,overcast clouds
234,Kaeo,NZ,-35.1,173.7833,63.32,97,97,8.21,overcast clouds
235,Tazovskiy,RU,67.4667,78.7,32.56,98,100,14.0,light snow
236,Ostrovnoy,RU,68.0531,39.5131,26.24,79,29,7.99,scattered clouds
237,Ust-Tsilma,RU,65.441,52.1498,35.2,97,100,10.16,snow
238,Popondetta,PG,-8.7537,148.2534,81.9,71,97,1.23,overcast clouds
239,Tiksi,RU,71.6872,128.8694,8.01,94,74,4.18,broken clouds
240,Ilulissat,GL,69.2167,-51.1,28.42,69,3,2.3,clear sky
241,Iralaya,HN,15.0,-83.2333,84.29,70,59,10.69,broken clouds
242,Yerbogachen,RU,61.2767,108.0108,27.21,84,100,10.27,overcast clouds
243,Plettenberg Bay,ZA,-34.0527,23.3716,56.88,72,67,2.84,broken clouds
244,Port Augusta,AU,-32.5,137.7667,53.31,69,79,4.47,broken clouds
245,Zabid,YE,14.1951,43.3152,84.97,64,71,5.55,broken clouds
246,Padang,ID,-0.9492,100.3543,78.55,81,87,3.58,overcast clouds
247,Praia,CV,14.9215,-23.5087,72.14,73,75,14.97,broken clouds
248,Vila,PT,42.0304,-8.1588,58.08,61,59,1.57,broken clouds
249,Lima,PE,-12.0432,-77.0282,66.45,73,0,10.36,clear sky
250,Iqaluit,CA,63.7506,-68.5145,29.7,63,75,4.61,broken clouds
251,Wamba,NG,8.9333,8.6,82.31,59,97,2.04,overcast clouds
252,Abu Kamal,SY,34.4506,40.9171,69.03,32,0,5.7,clear sky
253,Zhezkazgan,KZ,47.8043,67.7144,53.62,33,100,17.54,moderate rain
254,Huarmey,PE,-10.0681,-78.1522,68.67,80,93,9.44,overcast clouds
255,Kirakira,SB,-10.4544,161.9205,83.48,77,97,11.92,overcast clouds
256,Port Hedland,AU,-20.3167,118.5667,69.85,40,89,8.05,overcast clouds
257,Mar Del Plata,AR,-38.0023,-57.5575,68.88,72,0,16.11,clear sky
258,Eureka,US,40.8021,-124.1637,50.18,60,100,18.61,overcast clouds
259,The Valley,AI,18.217,-63.0578,82.26,83,75,11.5,broken clouds
260,Vigrestad,NO,58.5667,5.7,42.58,69,100,1.7,overcast clouds
261,Merauke,ID,-8.4667,140.3333,80.78,89,100,10.56,overcast clouds
262,Yazman,PK,29.1212,71.7446,92.14,16,0,13.35,clear sky
263,Marrakesh,MA,31.6315,-8.0083,82.47,20,0,4.61,clear sky
264,Pangnirtung,CA,66.1451,-65.7125,27.03,89,87,2.86,overcast clouds
265,Salalah,OM,17.0151,54.0924,84.29,74,40,5.75,scattered clouds
266,Rio Gallegos,AR,-51.6226,-69.2181,42.85,75,0,13.8,clear sky
267,Katangli,RU,51.7102,143.2326,32.04,99,95,13.0,overcast clouds
268,Tortoli,IT,39.9256,9.6572,58.82,88,40,8.05,scattered clouds
269,Innisfail,AU,-17.5333,146.0333,74.86,90,92,11.21,overcast clouds
270,Miraflores,MX,19.2167,-98.8083,83.05,33,79,7.36,broken clouds
271,Junin,AR,-34.5838,-60.9433,66.92,59,96,5.64,overcast clouds
272,Rabo De Peixe,PT,37.8,-25.5833,63.28,83,20,5.75,few clouds
273,Mikhaylovka,RU,50.06,43.2379,47.7,56,7,4.68,clear sky
274,Damietta,EG,31.4165,31.8133,67.75,68,13,17.72,few clouds
275,Riyadh,SA,24.6877,46.7219,77.14,23,0,9.4,clear sky
276,Rurrenabaque,BO,-14.4413,-67.5278,77.47,69,50,1.79,scattered clouds
277,Ouadda,CF,8.0777,22.4007,74.17,71,95,5.59,overcast clouds
278,Pochutla,MX,15.7432,-96.4661,91.22,46,58,8.77,broken clouds
279,Timizart,DZ,36.8,4.2667,55.4,67,6,5.55,clear sky
280,Kushima,JP,31.4583,131.2333,66.83,89,100,2.82,overcast clouds
281,Marathon,US,44.9,-89.7668,62.19,34,75,14.97,broken clouds
282,Meulaboh,ID,4.1363,96.1285,77.13,88,100,3.96,overcast clouds
283,Tecoanapa,MX,16.5167,-98.75,86.13,56,68,10.18,broken clouds
284,Tibacuy,CO,4.3511,-72.4564,80.26,82,52,5.75,broken clouds
285,Sao Filipe,CV,14.8961,-24.4956,73.67,74,0,14.23,clear sky
286,Miranda,CO,3.2499,-76.2281,84.33,81,97,2.35,overcast clouds
287,Souillac,MU,-20.5167,57.5167,71.98,88,20,4.61,few clouds
288,Blackwater,AU,-23.5833,148.8833,67.55,83,100,6.6,overcast clouds
289,Balkanabat,TM,39.5108,54.3671,59.4,74,76,15.32,broken clouds
290,Nouadhibou,MR,20.931,-17.0347,65.03,90,18,20.18,few clouds
291,Neryungri,RU,56.6709,124.6491,34.0,98,100,5.55,light snow
292,Esperance,AU,-33.8667,121.9,59.54,48,1,8.63,clear sky
293,Launceston,AU,-41.45,147.1667,44.15,93,100,6.91,overcast clouds
294,Acopiara,BR,-6.0953,-39.4525,77.99,59,97,3.33,overcast clouds
295,Bageshwar,IN,29.85,79.7667,64.0,48,1,3.06,clear sky
296,Bunia,CD,1.5667,30.25,62.71,95,81,2.21,light rain
297,Mason City,US,43.1536,-93.201,55.33,81,100,14.97,overcast clouds
298,Piacabucu,BR,-10.4056,-36.4344,77.43,77,10,8.79,clear sky
299,Newtownards,GB,54.5924,-5.6909,56.14,89,100,5.75,overcast clouds
300,Pitimbu,BR,-7.4706,-34.8086,77.59,79,98,12.71,overcast clouds
301,Havelock,US,34.8791,-76.9013,55.38,92,100,14.97,mist
302,Grindavik,IS,63.8424,-22.4338,50.47,93,100,21.85,overcast clouds
303,Victor Harbor,AU,-35.5667,138.6167,50.68,70,48,6.06,scattered clouds
304,Aklavik,CA,68.2191,-135.0107,43.0,67,26,8.34,scattered clouds
305,Boguchany,RU,58.3814,97.4531,26.49,75,93,4.81,overcast clouds
306,Puerto Rico,AR,-26.796,-55.024,62.58,79,4,1.32,clear sky
307,Port Said,EG,31.2565,32.2841,68.45,71,7,20.49,clear sky
308,Mana,GF,5.6592,-53.7767,78.04,85,51,8.21,broken clouds
309,Verkhoyansk,RU,67.5447,133.385,32.02,98,100,1.72,snow
310,Pedernales,DO,18.0384,-71.744,83.62,64,4,2.66,clear sky
311,Cherskiy,RU,68.75,161.3,25.11,89,100,12.95,overcast clouds
312,Asau,RO,46.4333,26.4,49.95,82,99,2.15,overcast clouds
313,Kampot,KH,10.6167,104.1833,82.45,90,100,4.65,overcast clouds
314,Cheremshanka,RU,56.1192,60.268,43.48,58,94,3.49,overcast clouds
315,Claremorris,IE,53.7167,-9.0,54.36,90,100,11.03,overcast clouds
316,Pisco,PE,-13.7,-76.2167,68.05,77,0,20.71,clear sky
317,Denpasar,ID,-8.65,115.2167,78.46,100,75,2.3,broken clouds
318,Namibe,AO,-15.1961,12.1522,73.44,61,0,8.23,clear sky
319,Kaitong,CN,44.8135,123.15,54.16,22,0,8.9,clear sky
320,Balkhash,KZ,46.844,74.9804,50.27,33,37,25.86,scattered clouds
321,Metro,ID,-5.1131,105.3067,76.69,85,97,4.65,overcast clouds
322,Faya,SA,18.3851,42.4509,68.11,56,0,0.98,clear sky
323,Siayan,PH,8.2667,123.1,78.46,92,87,4.32,light rain
324,Saint George,US,37.1041,-113.5841,83.62,11,100,46.04,haze
325,Vagur,FO,61.4732,-6.8119,47.57,96,100,25.21,light rain
326,Neuquen,AR,-38.9516,-68.0591,66.09,45,0,2.3,clear sky
327,Clyde River,CA,70.4692,-68.5914,26.83,93,100,12.66,overcast clouds
328,Mandalgovi,MN,45.7625,106.2708,46.85,69,55,26.4,broken clouds
329,Egvekinot,RU,66.3167,-179.1667,28.13,92,100,2.13,overcast clouds
330,Mayo,US,38.8876,-76.5119,57.61,50,100,6.91,overcast clouds
331,Tukrah,LY,32.5341,20.5791,62.06,81,4,3.06,clear sky
332,Tarquinia,IT,42.2482,11.7553,60.8,77,63,7.38,broken clouds
333,Tulum,MX,20.2167,-87.4667,86.09,69,42,7.63,scattered clouds
334,Faanui,PF,-16.4833,-151.75,82.11,75,0,12.62,light rain
335,Leh,IN,34.1667,77.5833,44.89,52,2,4.14,clear sky
336,Khuzhir,RU,53.1939,107.3397,31.41,68,100,13.78,overcast clouds
337,Hudson Bay,CA,52.85,-102.3842,58.73,44,100,9.24,overcast clouds
338,Klaksvik,FO,62.2266,-6.589,49.12,98,100,20.47,light rain
339,Sechura,PE,-5.5569,-80.8222,74.19,64,64,19.35,broken clouds
340,San Patricio,US,28.017,-97.5169,87.89,55,1,20.42,clear sky
341,Vao,NC,-22.6667,167.4833,73.44,69,97,11.92,overcast clouds
342,Adrar,MR,20.5022,-10.0711,89.26,12,38,5.82,scattered clouds
343,Sharan,RU,54.8167,54.0,47.28,52,100,3.36,overcast clouds
344,Kvareli,GE,41.9524,45.8151,48.97,81,99,3.71,overcast clouds
345,Zlotow,PL,53.3635,17.0408,42.85,71,6,8.79,clear sky
346,Payakumbuh,ID,-0.2202,100.6308,69.46,95,88,3.09,overcast clouds
347,Provideniya,RU,64.3833,-173.3,33.15,95,84,10.6,broken clouds
348,Ambon,ID,-3.6954,128.1814,77.14,94,40,4.61,light rain
349,Quelimane,MZ,-17.8786,36.8883,71.55,88,0,2.3,clear sky
350,Kalmunai,LK,7.4167,81.8167,81.18,81,95,6.78,moderate rain
351,Fairfield,US,41.2668,-73.3162,57.61,36,100,16.11,overcast clouds
352,Paamiut,GL,61.994,-49.6678,33.03,88,100,19.3,overcast clouds
353,Kyshtovka,RU,56.555,76.6271,44.73,75,100,4.83,overcast clouds
354,Roebourne,AU,-20.7833,117.1333,75.2,37,99,12.5,overcast clouds
355,Ayr,GB,55.4627,-4.6339,54.93,82,0,13.8,clear sky
356,La Plaine,DM,15.3333,-61.25,80.24,81,92,8.99,overcast clouds
357,Cayenne,GF,4.9333,-52.3333,82.09,1,40,3.44,scattered clouds
358,Bijar,IR,35.8668,47.6051,42.08,62,1,7.25,clear sky
359,Churapcha,RU,62.0025,132.4325,34.61,98,100,7.25,snow
360,Benghazi,LY,32.1167,20.0667,64.53,71,14,11.14,few clouds
361,Zhigansk,RU,66.7697,123.3711,18.68,93,100,25.19,snow
362,Alice Springs,AU,-23.7,133.8833,45.95,53,100,5.75,overcast clouds
363,Yar-Sale,RU,66.8333,70.8333,35.2,100,100,10.51,overcast clouds
364,Dingle,PH,10.9995,122.6711,78.04,87,95,7.9,overcast clouds
365,Cananeia,BR,-25.0147,-47.9267,67.89,75,94,3.04,overcast clouds
366,Codrington,AU,-38.2667,141.9667,46.6,90,61,6.46,broken clouds
367,Bubaque,GW,11.2833,-15.8333,76.48,75,37,5.35,light rain
368,Verkhneuralsk,RU,53.8769,59.2106,45.48,38,100,2.42,overcast clouds
369,Jijiga,ET,9.35,42.8,67.84,34,61,4.97,broken clouds
370,Olinda,BR,-8.0089,-34.8553,78.53,73,40,5.75,scattered clouds
371,Araouane,ML,18.9048,-3.5265,84.29,6,0,12.17,clear sky
372,San Pedro,PH,14.35,121.0167,83.32,78,20,4.61,few clouds
373,Taywarah,AF,33.35,64.4167,57.33,29,70,4.09,broken clouds
374,Kifri,IQ,34.6959,44.9661,67.41,34,17,5.44,few clouds
375,Lanzhou,CN,36.0564,103.7922,50.14,74,0,0.69,clear sky
376,Mmathubudukwane,BW,-24.6,26.4333,59.85,41,0,8.03,clear sky
377,Fatehpur,IN,25.9333,80.8,85.19,35,0,6.67,clear sky
378,Berlevag,NO,70.8578,29.0864,30.15,80,100,17.27,overcast clouds
379,Alofi,NU,-19.0595,-169.9187,75.09,94,89,10.36,overcast clouds
380,Pinyug,RU,60.251,47.7842,49.5,72,83,10.0,broken clouds
381,Port Hardy,CA,50.6996,-127.4199,51.98,54,40,17.27,scattered clouds
382,Half Moon Bay,US,37.4636,-122.4286,62.67,56,0,29.93,haze
383,Batagay,RU,67.6333,134.6333,32.14,96,100,4.45,light snow
384,Tonj,SS,7.2737,28.6822,75.04,78,100,6.55,light rain
385,Leningradskiy,RU,69.3833,178.4167,26.26,91,100,8.37,overcast clouds
386,Lagoa,PT,39.05,-27.9833,61.5,83,52,9.82,broken clouds
387,Soloneshnoye,RU,51.6544,84.3197,35.46,54,21,4.54,few clouds
388,Sol-Iletsk,RU,51.1631,54.9918,52.79,48,100,8.59,overcast clouds
389,Quang Ngai,VN,15.1167,108.8,74.95,90,100,3.29,overcast clouds
390,Broken Hill,AU,-31.95,141.4333,46.11,81,0,6.91,clear sky
391,Dunedin,NZ,-45.8742,170.5036,55.8,82,100,1.01,overcast clouds
392,Port Macquarie,AU,-31.4333,152.9167,56.89,69,0,5.08,clear sky
393,Seydi,TM,39.4816,62.9137,81.84,38,59,20.87,broken clouds
394,Ust-Maya,RU,60.4167,134.5333,43.79,82,100,9.17,overcast clouds
395,Ko Samui,TH,9.5357,99.9357,81.77,82,100,12.82,overcast clouds
396,Te Anau,NZ,-45.4167,167.7167,50.43,90,100,0.25,light rain
397,Miri,MY,4.4148,114.0089,77.14,94,40,8.05,scattered clouds
398,Vestmannaeyjar,IS,63.4427,-20.2734,47.77,94,100,25.37,light rain
399,Ust-Tarka,RU,55.5672,75.705,45.25,76,70,5.95,broken clouds
400,Lompoc,US,34.6391,-120.4579,70.57,58,0,31.07,clear sky
401,Kapuskasing,CA,49.4169,-82.4331,71.69,15,20,16.11,few clouds
402,Mindelo,CV,16.8901,-24.9804,72.95,68,20,21.85,few clouds
403,Abu Samrah,SY,35.3029,37.1841,60.66,55,8,4.38,clear sky
404,Joao Pinheiro,BR,-17.7425,-46.1725,72.34,58,23,6.64,few clouds
405,Sessa Aurunca,IT,41.2408,13.9328,59.52,70,95,5.48,overcast clouds
406,Palencia,ES,42.4167,-4.5,56.91,76,4,6.71,clear sky
407,Bambanglipuro,ID,-7.95,110.2833,77.68,89,100,2.64,overcast clouds
408,Nemuro,JP,43.3236,145.575,44.08,71,22,12.53,few clouds
409,Paraiso,CR,9.8383,-83.8656,71.42,90,64,2.24,broken clouds
410,Tena,EC,-0.9833,-77.8167,78.96,96,49,1.12,light rain
411,Sattahip,TH,12.6664,100.9007,84.16,94,20,5.75,few clouds
412,Homer,US,59.6425,-151.5483,46.29,65,0,13.8,clear sky
413,Vardo,NO,70.3705,31.1107,26.58,80,75,12.66,broken clouds
414,Awbari,LY,26.5921,12.7805,70.07,18,0,6.55,clear sky
415,Elizabeth City,US,36.2946,-76.2511,52.02,90,100,21.85,overcast clouds
416,Capaci,IT,38.1711,13.2393,61.25,94,2,4.61,clear sky
417,Khorixas,NA,-20.3667,14.9667,65.73,26,0,2.62,clear sky
418,Kalevala,RU,65.2,31.1667,32.4,81,68,3.94,broken clouds
419,Sioux Lookout,CA,50.1001,-91.917,44.67,100,100,9.22,overcast clouds
420,Chermoz,RU,58.787,56.1489,41.59,78,7,8.23,clear sky
421,Beringovskiy,RU,63.05,179.3167,36.19,69,37,22.12,scattered clouds
422,Port Keats,AU,-14.25,129.55,73.94,40,0,11.41,clear sky
423,Juliaca,PE,-15.5,-70.1333,49.33,32,92,4.0,overcast clouds
424,Den Chai,TH,17.9837,100.0522,78.75,97,92,1.86,overcast clouds
425,De Aar,ZA,-30.6497,24.0123,49.28,71,5,9.51,clear sky
426,Teguldet,RU,57.3064,88.1667,28.26,60,1,3.47,clear sky
427,Arman,RU,59.7,150.1667,41.02,65,78,1.86,broken clouds
428,San Quintin,MX,30.4833,-115.95,62.28,64,0,22.75,clear sky
429,Camopi,GF,3.1655,-52.3158,72.97,97,93,2.21,overcast clouds
430,Hualmay,PE,-11.0964,-77.6139,65.48,88,73,9.01,broken clouds
431,Mpanda,TZ,-6.3655,31.0409,65.62,85,96,2.1,overcast clouds
432,Melilla,ES,35.2937,-2.9383,61.18,82,0,2.3,clear sky
433,Ketchikan,US,55.3422,-131.6461,57.67,44,0,9.22,clear sky
434,Biak,ID,-0.9131,122.8766,78.82,84,92,5.14,overcast clouds
435,Ashqelon,IL,31.6693,34.5715,65.82,59,4,7.72,clear sky
436,Anisoc,GQ,1.8658,10.7689,71.89,98,100,1.41,overcast clouds
437,Morondava,MG,-20.2833,44.2833,73.42,86,0,8.46,clear sky
438,Oneonta,US,42.4529,-75.0638,59.81,33,55,6.98,broken clouds
439,Parauna,BR,-16.9478,-50.4486,73.9,59,6,2.91,clear sky
440,Alindao,CF,5.0267,21.2088,74.28,84,100,1.52,light rain
441,Mehamn,NO,71.0357,27.8492,30.11,80,100,18.21,light snow
442,Bira,RU,49.0,132.4667,53.96,37,5,4.52,clear sky
443,Houma,US,29.5958,-90.7195,91.0,72,18,5.99,few clouds
444,Toktogul,KG,41.8708,72.9402,64.44,45,0,2.35,clear sky
445,Kampong Cham,KH,11.9934,105.4635,78.4,86,100,4.68,overcast clouds
446,Ormara,PK,25.2088,64.6357,80.87,82,0,11.1,clear sky
447,San Jose,US,37.3394,-121.895,63.9,41,75,19.57,broken clouds
448,Hit,IQ,33.6416,42.8251,67.95,40,1,1.16,clear sky
449,Gamba,GA,-2.65,10.0,77.52,91,80,3.83,broken clouds
450,Soure,BR,-0.7167,-48.5233,76.28,92,100,7.36,overcast clouds
451,Gilgit,PK,35.9221,74.3087,69.42,35,0,3.02,clear sky
452,Luchegorsk,RU,46.4764,134.2569,53.8,41,62,8.34,broken clouds
453,Carutapera,BR,-1.195,-46.02,74.57,95,99,1.59,moderate rain
454,Channel-Port Aux Basques,CA,47.5702,-59.1367,37.38,73,0,11.1,clear sky
455,Vilhena,BR,-12.7406,-60.1458,80.82,61,20,4.61,few clouds
456,Vaitape,PF,-16.5167,-151.75,82.44,75,5,12.26,light rain
457,Bara,NG,10.3744,10.7288,88.68,48,34,5.53,scattered clouds
458,Sterling,US,39.0062,-77.4286,57.97,56,100,11.5,overcast clouds
459,Norman Wells,CA,65.282,-126.8329,46.44,42,75,5.75,broken clouds
460,Klamath Falls,US,42.2249,-121.7817,39.87,69,75,13.8,broken clouds
461,Tolaga Bay,NZ,-38.3667,178.3,64.36,60,100,6.22,overcast clouds
462,Lavrentiya,RU,65.5833,-171.0,33.66,91,100,6.08,overcast clouds
463,Hami,CN,42.8,93.45,65.89,32,22,4.47,few clouds
464,Maniitsoq,GL,65.4167,-52.9,29.91,84,53,16.24,broken clouds
465,Adeje,ES,28.1227,-16.726,72.21,79,20,18.41,few clouds
466,Dzilam Gonzalez,MX,21.2833,-88.9333,89.53,55,0,11.56,clear sky
467,Fleetwood,GB,53.9253,-3.0109,59.85,84,100,8.43,overcast clouds
468,Zunyi,CN,27.6867,106.9072,65.5,96,100,5.82,overcast clouds
469,Muros,ES,42.7762,-9.0603,59.85,69,53,5.41,broken clouds
470,Manhattan,US,40.7834,-73.9662,59.63,34,100,14.97,overcast clouds
471,Cap Malheureux,MU,-19.9842,57.6142,72.46,80,2,4.0,clear sky
472,Teya,RU,60.3778,92.6267,23.67,92,99,6.04,overcast clouds
473,Okaya,JP,36.0566,138.0451,46.06,69,84,1.83,broken clouds
474,Saltpond,GH,5.2091,-1.0606,81.12,83,100,9.37,light rain
475,Praia Da Vitoria,PT,38.7333,-27.0667,64.65,77,20,1.59,few clouds
476,Wasserburg,DE,48.4411,10.2693,53.92,93,31,5.84,scattered clouds
477,Storforshei,NO,66.4043,14.5233,35.65,100,100,2.3,light snow
478,Fukue,JP,32.6881,128.8419,63.36,70,54,22.37,broken clouds
479,Rahuri,IN,19.3833,74.65,85.19,39,51,13.04,broken clouds
480,Inuvik,CA,68.3499,-133.7218,50.86,46,20,9.22,few clouds
481,Yeppoon,AU,-23.1333,150.7333,69.58,81,100,12.01,light rain
482,Igualada,ES,41.581,1.6172,62.1,60,76,0.78,broken clouds
483,Opuwo,NA,-18.0607,13.84,63.36,43,0,3.02,clear sky
484,Jawhar,SO,2.7809,45.5005,79.56,83,78,14.18,broken clouds
485,General Luna,PH,13.6881,122.1708,80.17,84,42,3.76,scattered clouds
486,Anzio,IT,41.4853,12.6179,62.01,84,68,4.72,broken clouds
487,Payo,ID,-3.7508,103.6372,73.26,85,97,1.66,overcast clouds
488,San Juan,AR,-31.5375,-68.5364,69.8,38,100,11.72,overcast clouds
489,Kavaratti,IN,10.5669,72.642,85.44,66,98,15.66,overcast clouds
490,Baie-Comeau,CA,49.2168,-68.1489,51.48,30,0,10.36,clear sky
491,Todos Santos,MX,23.45,-110.2167,73.38,61,91,9.78,overcast clouds
492,Maneadero,MX,31.7167,-116.5667,65.1,70,19,5.01,few clouds
493,Atambua,ID,-9.1061,124.8925,75.42,79,24,8.95,few clouds
494,Belyy Yar,RU,53.6039,91.3903,26.49,59,0,2.24,clear sky
495,Alenquer,BR,-1.9417,-54.7383,73.98,97,94,1.52,light rain
496,Turmalina,BR,-17.2856,-42.73,68.54,71,56,3.44,broken clouds
497,Maravilha,BR,-26.7608,-53.1725,57.61,91,0,2.89,clear sky
498,Kostomuksha,RU,64.571,30.5767,30.4,86,40,5.17,scattered clouds
499,Lambarene,GA,-0.7001,10.2406,76.12,96,96,3.18,overcast clouds
500,Mahibadhoo,MV,3.7833,72.9667,83.75,78,100,18.79,overcast clouds
501,Madoc,CA,44.5084,-77.4745,64.58,57,0,4.79,clear sky
502,Puerto Escondido,MX,15.85,-97.0667,88.63,66,40,5.75,scattered clouds
503,Chongwe,ZM,-15.3292,28.682,64.92,68,44,2.17,scattered clouds
504,Sibu,MY,2.3,111.8167,75.51,100,40,3.44,scattered clouds
505,San Rafael,AR,-34.6177,-68.3301,64.96,29,21,12.41,few clouds
506,Lethem,GY,3.3803,-59.7968,76.82,90,97,3.58,overcast clouds
507,Chapleau,CA,47.8405,-83.4034,66.29,19,40,10.36,scattered clouds
508,Turukhansk,RU,65.8167,87.9833,11.77,95,51,3.13,broken clouds
509,Goba,ET,7.0167,39.9833,51.15,69,23,4.5,few clouds
510,Jalu,LY,29.0331,21.5482,71.6,29,0,13.53,clear sky
511,Moba,CN,33.2288,105.0179,49.57,88,100,3.69,overcast clouds
512,Tignere,CM,7.3667,12.65,70.77,70,13,4.05,few clouds
513,Armizonskoye,RU,55.9461,67.6736,49.44,45,73,4.41,broken clouds
514,Guerrero Negro,MX,27.9769,-114.0611,65.05,62,0,23.0,clear sky
515,Tucumcari,US,35.1717,-103.725,96.64,5,0,35.68,clear sky
516,Mayumba,GA,-3.432,10.6554,76.77,90,40,4.12,scattered clouds
517,Olafsvik,IS,64.8945,-23.7142,43.65,92,100,17.83,overcast clouds
518,Amapa,BR,1.0,-52.0,72.0,98,98,3.6,overcast clouds
519,Emet,TR,39.343,29.2585,49.44,67,72,3.4,broken clouds
520,Karratha,AU,-20.7377,116.8463,75.45,36,100,13.8,overcast clouds
521,Moose Factory,CA,51.2585,-80.6094,71.6,18,0,9.22,clear sky
522,Bahia Blanca,AR,-38.7196,-62.2724,66.16,48,39,7.36,scattered clouds
523,Towada,JP,40.6127,141.2067,59.22,37,81,13.18,broken clouds
524,Shubarkuduk,KZ,49.1447,56.4872,53.46,37,100,15.75,overcast clouds
525,Stromness,GB,58.965,-3.296,49.96,86,100,10.0,overcast clouds
526,Igarka,RU,67.4667,86.5833,5.67,97,51,8.16,broken clouds
527,Karasburg,NA,-28.0167,18.75,52.84,39,42,7.52,scattered clouds
528,Boa Vista,BR,2.8197,-60.6733,82.38,74,75,5.75,moderate rain
529,Ewa Beach,US,21.3156,-158.0072,84.15,56,75,17.27,broken clouds
530,Krasnoarmeyskoye,RU,52.7182,50.0322,46.47,60,100,5.19,overcast clouds
531,Noumea,NC,-22.2763,166.4572,77.0,99,100,9.24,overcast clouds
532,Ulaangom,MN,49.9811,92.0667,36.12,34,99,8.95,overcast clouds
533,Otofuke,JP,42.9917,143.2003,53.76,39,0,13.02,clear sky
534,Dwarka,IN,22.2394,68.9678,81.05,78,0,15.99,clear sky
535,Gannan,CN,47.9147,123.5031,62.78,25,1,10.16,clear sky
536,Kysyl-Syr,RU,63.8986,122.7617,33.49,90,85,10.38,overcast clouds
537,Hambantota,LK,6.1241,81.1185,82.36,81,90,18.75,overcast clouds
538,Boende,CD,-0.2167,20.8667,72.25,89,100,2.08,overcast clouds
539,Xiamen,CN,24.4798,118.0819,72.25,100,100,2.24,light intensity shower rain
540,Zemio,CF,5.0314,25.1361,69.28,98,98,1.14,light rain
541,Pangai,TO,-19.8,-174.35,78.91,73,20,5.75,few clouds
542,Talnakh,RU,69.4865,88.3972,11.21,95,87,10.13,overcast clouds
543,Caravelas,BR,-17.7125,-39.2481,72.23,89,100,8.46,overcast clouds
544,Mount Isa,AU,-20.7333,139.5,69.57,68,75,6.91,broken clouds
545,Tartus,SY,34.889,35.8866,62.33,65,18,1.77,few clouds
546,La Ronge,CA,55.1001,-105.2842,55.65,28,75,17.27,broken clouds
547,Hobyo,SO,5.3505,48.5268,83.5,75,100,16.13,moderate rain
548,Black River,JM,18.0264,-77.8487,81.75,70,18,10.67,few clouds
549,Kurilsk,RU,45.2333,147.8833,43.65,63,3,11.23,clear sky
550,Bakchar,RU,57.0186,82.0711,32.81,74,9,3.18,clear sky
551,Longyan,CN,25.1072,117.0225,67.12,98,100,0.83,overcast clouds
552,Westerville,US,40.1262,-82.9291,68.09,37,0,8.05,clear sky
553,Sitka,US,57.0531,-135.33,53.49,62,20,20.71,few clouds
554,Pimenta Bueno,BR,-11.6725,-61.1936,76.77,85,59,3.4,broken clouds
555,Koutsouras,GR,35.0339,25.9469,66.11,72,29,10.74,scattered clouds
556,Clarksdale,US,34.2001,-90.5709,82.9,50,0,12.66,clear sky
557,Gorey,IE,52.6747,-6.2925,53.58,96,98,7.72,overcast clouds
558,Noshiro,JP,40.2039,140.0242,55.13,60,67,10.65,broken clouds
559,Karpathos,GR,35.507,27.2132,64.36,59,100,5.75,overcast clouds
560,Ponta Delgada,PT,37.7333,-25.6667,64.51,82,20,5.75,few clouds
561,Chumikan,RU,54.7183,135.315,33.3,94,59,3.24,broken clouds
562,Magistralnyy,RU,56.1725,107.4458,31.78,59,44,10.33,scattered clouds
563,Bathsheba,BB,13.2167,-59.5167,81.21,78,20,16.11,few clouds
564,Ust-Koksa,RU,50.2696,85.6108,33.06,66,0,0.74,clear sky
565,Palana,RU,59.1167,159.9667,35.91,83,100,7.61,overcast clouds
566,Rio Grande,BR,-32.035,-52.0986,60.94,84,0,9.69,clear sky
567,Carlyle,US,38.6103,-89.3726,75.09,57,99,13.0,overcast clouds
568,Lamak,PH,10.3997,124.7389,82.04,73,91,5.41,overcast clouds
569,Sokolo,ML,14.7328,-6.1219,95.07,12,53,9.84,broken clouds
570,Whitehorse,CA,60.7161,-135.0538,52.57,28,40,9.22,scattered clouds
571,Axim,GH,4.8699,-2.2405,80.49,84,89,9.24,light rain
572,Aripuana,BR,-9.1667,-60.6333,75.18,95,49,2.62,scattered clouds
573,Bucerias,MX,20.75,-105.3333,80.58,69,20,12.66,few clouds
574,Sao Joaquim,BR,-28.2939,-49.9317,45.12,97,0,2.46,clear sky
575,Xinzhi,CN,36.4989,111.7047,53.08,92,100,3.94,overcast clouds
576,Karakulino,RU,56.012,53.7067,45.91,63,6,2.57,clear sky
577,Boyolangu,ID,-8.1181,111.8935,76.96,91,99,1.12,overcast clouds
578,Okhotsk,RU,59.3833,143.3,37.11,79,32,2.71,scattered clouds
579,Tomobe,JP,36.35,140.3,60.8,61,100,4.94,overcast clouds
580,Powell River,CA,49.8496,-124.5361,56.08,66,20,10.36,few clouds
581,Tilichiki,RU,60.4667,166.1,31.78,91,100,1.52,overcast clouds
582,Cockburn Town,TC,21.4612,-71.1419,82.36,74,40,5.75,scattered clouds
583,Halifax,CA,44.6453,-63.5724,51.69,59,57,5.75,broken clouds
584,Helong,CN,42.5397,128.9972,57.42,26,0,2.82,clear sky
585,Hirara,JP,24.8,125.2833,76.86,94,75,10.36,moderate rain
586,Kendari,ID,-3.945,122.4989,77.65,93,100,3.38,overcast clouds
587,Dauphin,CA,51.1494,-100.0502,64.54,39,100,24.16,overcast clouds
588,Chicama,PE,-7.8447,-79.1469,61.34,78,99,7.94,overcast clouds
589,Chapais,CA,49.7834,-74.8492,60.58,71,31,3.71,scattered clouds
590,Callaway,US,30.153,-85.5699,80.96,60,0,12.66,clear sky
591,Udachnyy,RU,66.4167,112.4,16.45,66,76,13.65,broken clouds
592,Ahuimanu,US,21.4447,-157.8378,83.91,69,100,16.11,overcast clouds
593,Aurillac,FR,44.9167,2.45,52.68,71,0,2.3,clear sky
594,Lazaro Cardenas,MX,17.9583,-102.2,82.53,57,9,11.03,clear sky
595,Kletskaya,RU,49.3145,43.0584,47.95,53,26,5.5,scattered clouds
596,Gat,IL,31.61,34.7642,65.39,37,4,5.14,clear sky
597,Pareora,NZ,-44.4871,171.2132,56.17,97,100,5.82,overcast clouds
598,Manoel Urbano,BR,-8.8389,-69.2597,79.29,73,86,1.5,overcast clouds
599,Yangjiang,CN,21.85,111.9667,71.98,86,100,3.98,overcast clouds
600,George,ZA,-33.963,22.4617,56.89,71,63,2.28,broken clouds
601,Yashkul,RU,46.1711,45.3435,50.9,74,100,10.49,overcast clouds
602,Waterfoot,GB,53.6929,-2.2525,57.51,74,68,1.99,broken clouds
603,Linqing,CN,36.8456,115.7117,48.45,73,100,5.01,overcast clouds
604,Tabuk,PH,17.4189,121.4443,77.88,79,61,4.16,broken clouds
605,Morant Bay,JM,17.8815,-76.4093,83.82,77,8,9.51,clear sky
606,Khandyga,RU,62.6667,135.6,40.14,94,100,11.61,moderate rain
607,Dukat,RU,62.55,155.55,30.27,81,6,6.31,clear sky
608,Narsaq,GL,60.9167,-46.05,50.22,81,88,3.18,overcast clouds
609,South San Francisco,US,37.6547,-122.4078,63.16,61,40,29.93,haze
610,Safaga,EG,26.7292,33.9365,80.06,33,95,5.53,overcast clouds
611,Kananga,CD,-5.8958,22.4178,71.69,74,96,2.75,overcast clouds
612,Ilo,PE,-17.6394,-71.3375,65.34,85,15,11.52,few clouds
613,Hendaye,FR,43.3717,-1.7738,58.19,85,0,3.44,clear sky
614,Ilawe,NG,7.8667,4.4333,73.98,96,62,1.54,light rain
615,Luang Prabang,LA,19.8856,102.1347,71.56,98,85,0.38,overcast clouds
616,Elmira,US,42.0898,-76.8077,66.52,25,0,11.5,clear sky
617,Trairi,BR,-3.2778,-39.2689,76.62,90,99,6.38,overcast clouds
618,Xining,CN,36.6167,101.7667,46.04,77,1,2.39,clear sky
619,Price,US,39.5994,-110.8107,69.06,10,0,23.02,clear sky
620,Enshi,CN,30.3,109.4833,66.43,93,94,1.12,overcast clouds
621,Alberton,CA,46.8168,-64.0654,46.53,63,0,6.49,clear sky
622,Sobolevo,RU,54.4299,31.8996,39.11,79,84,7.09,broken clouds
623,Camocim,BR,-2.9022,-40.8411,78.24,86,100,9.13,overcast clouds
624,Guymon,US,36.6828,-101.4816,89.6,17,0,11.5,clear sky
625,Vite,IN,17.2833,74.55,80.28,60,98,6.2,overcast clouds
626,Isangel,VU,-19.55,169.2667,78.1,64,30,16.17,scattered clouds
627,Tsumeb,NA,-19.2333,17.7167,63.79,32,0,6.58,clear sky
628,Tiznit,MA,29.5833,-9.5,78.71,18,23,3.78,few clouds
629,Guanare,VE,9.0418,-69.7421,79.97,76,92,1.74,light rain
630,De-Kastri,RU,51.4667,140.7833,36.36,85,100,15.05,light rain
631,Severnyy,RU,50.677,36.5532,57.24,38,0,4.47,clear sky
632,Manono,CD,-7.3,27.4167,71.47,84,75,2.64,broken clouds
633,Qaqortoq,GL,60.7167,-46.0333,36.77,84,91,4.16,overcast clouds
634,Namatanai,PG,-3.6667,152.4333,84.34,73,98,12.88,light rain
635,Serenje,ZM,-13.2325,30.2352,60.24,74,40,4.56,scattered clouds
636,Khatima,IN,28.9167,79.9667,77.88,35,1,6.46,clear sky
637,Peleduy,RU,59.6289,112.7406,33.06,83,94,10.09,light snow
638,Woodland,US,38.6785,-121.7733,67.93,28,75,11.5,broken clouds
639,Diego De Almagro,CL,-26.3667,-70.05,55.63,63,0,4.76,clear sky
640,Batagay-Alyta,RU,67.8006,130.4114,27.59,94,100,5.17,light snow
641,Atar,MR,20.5169,-13.0499,92.37,18,86,8.93,overcast clouds
642,Coihaique,CL,-45.5752,-72.0662,45.21,70,75,3.44,broken clouds
643,Brae,GB,60.3964,-1.353,47.28,89,100,18.37,overcast clouds
644,Diamantino,BR,-14.4086,-56.4461,74.12,52,21,3.02,few clouds
645,Coolum Beach,AU,-26.5333,153.1,67.1,99,100,15.86,moderate rain
646,Huescar,ES,37.811,-2.5412,58.12,60,62,1.32,broken clouds
647,Sabha,LY,27.0377,14.4283,70.57,17,0,9.26,clear sky
648,Iacu,BR,-12.7672,-40.2117,72.05,80,100,4.07,overcast clouds
649,Pennadam,IN,11.4,79.2333,85.86,65,100,3.62,overcast clouds
650,Benicarlo,ES,40.4165,0.4271,63.9,74,97,3.29,overcast clouds
651,Astana,KZ,51.1801,71.446,33.75,64,0,8.95,clear sky
652,Pozzallo,IT,36.7305,14.8499,57.85,87,8,3.71,clear sky
653,Pathein,MM,16.7833,94.7333,78.82,86,94,7.81,overcast clouds
654,Huaidian,CN,33.4333,115.0333,58.44,37,100,11.56,overcast clouds
655,Aginskoye,RU,51.1,114.53,51.46,60,94,20.47,overcast clouds
656,Bousse,BF,12.6606,-1.8922,91.98,25,22,3.58,few clouds
657,Lemon Tree Passage,AU,-32.7327,152.036,58.51,86,0,1.01,clear sky
658,Cururupu,BR,-1.8283,-44.8683,74.14,97,96,1.12,overcast clouds
659,Imbituba,BR,-28.24,-48.6703,63.27,81,0,8.55,clear sky
660,Lagoa Santa,BR,-19.6272,-43.8897,72.57,69,0,12.66,clear sky
661,Sainte-Suzanne,RE,-20.9061,55.6089,71.82,81,0,5.75,clear sky
662,Yumen,CN,40.2833,97.2,58.35,42,66,9.42,broken clouds
663,Shingu,JP,33.7333,135.9833,67.17,69,59,5.73,broken clouds
664,Christchurch,NZ,-43.5333,172.6333,60.91,90,75,8.05,broken clouds
665,Labrea,BR,-7.2586,-64.7981,75.27,96,27,1.61,scattered clouds
666,Palanga,LT,55.9175,21.0686,35.62,60,86,2.3,overcast clouds
667,Mahon,ES,39.8885,4.2658,61.36,72,20,3.44,few clouds
668,Tabou,CI,4.423,-7.3528,78.96,84,100,4.5,overcast clouds
669,Uchiza,PE,-8.4592,-76.4633,72.57,94,48,2.46,scattered clouds
670,Busok,PH,6.5061,124.5989,78.37,93,100,1.5,overcast clouds
671,Harrison,US,30.4091,-89.0436,84.22,68,0,9.22,clear sky
672,Mina,MX,26.0011,-100.5299,102.36,14,1,13.91,clear sky
673,Verkhnevilyuysk,RU,63.4453,120.3167,33.82,84,98,10.25,overcast clouds
674,Abha,SA,18.2164,42.5053,67.82,64,0,0.0,clear sky
675,Kirovskiy,RU,45.0917,133.5136,50.95,47,41,5.03,scattered clouds
676,Redcliffe,AU,-27.2307,153.0973,63.45,94,100,10.36,light rain
